run_id,stage,seconds,status
pinn100d_shallow300_medium_hybrid_pz_uncompressed_reverse_symbolic,preactivation_preparation,0.0008144900002662325,ok
pinn100d_shallow300_medium_hybrid_pz_uncompressed_reverse_symbolic,activation_certification,0.004760411000461318,ok
pinn100d_shallow300_medium_hybrid_pz_uncompressed_reverse_symbolic,value_construction,5.4009999985282775e-05,ok
pinn100d_shallow300_medium_hybrid_pz_uncompressed_reverse_symbolic,reverse_jacobian_construction,0.49466390700035845,ok
pinn100d_shallow300_medium_hybrid_pz_uncompressed_reverse_symbolic,onejet_construction,0.5002928180010713,ok
pinn100d_shallow300_medium_hybrid_pz_uncompressed_reverse_symbolic,onejet_construction_measured,0.5093309129997579,ok
pinn100d_shallow300_medium_hybrid_pz_uncompressed_reverse_symbolic,L2_symbolic_integration,0.03405151700007991,ok
pinn100d_shallow300_medium_hybrid_pz_uncompressed_reverse_symbolic,W12_symbolic_integration,0.016671393000251555,ok
pinn100d_shallow300_medium_hybrid_pz_uncompressed_reverse_symbolic,W12_total,0.5260023060000094,ok
